{
	"image_size":[512,640],
	"intrinsic_matrix":[
		[1067.286594957453,0,341.9870766545487],
		[0,1066.086607658682,264.9591723301183],
		[0,0,1]
	],
	"radial_distortion":[-0.1839022448093276,-1.094155697034232,2.163289760624233],
	"tangential_distortion":[0.0003455836174273893,0.00201438625878735]
}
