{
	"image_size":[510,960],
	"intrinsic_matrix":[
		[980.2452672119779,0,484.2435615613078],
		[0,981.0291080661044,257.8555926372131],
		[0,0,1]
	],
	"radial_distortion":[-0.5713383871893895,0.2913565044363459,0.06352798852367256],
	"tangential_distortion":[0.003666085733997301,0.0006550070561043717]
}
