{
	"R":[
		[0.9987151035703978,-0.05023390186524541,0.006685581781887715],
		[0.004793290533037693,-0.03769608621065783,-0.9992777539054216],
		[0.05044964089302628,0.9980258314231107,-0.03740686495782758]
	],
	"T":[0.5801867817853088,0.03356626850464123,1.029339133523211],
	"RT":[
		[0.9987151035703978,-0.05023390186524541,0.006685581781887715,0.5801867817853088],
		[0.004793290533037693,-0.03769608621065783,-0.9992777539054216,0.03356626850464123],
		[0.05044964089302628,0.9980258314231107,-0.03740686495782758,1.029339133523211],
		[0,0,0,1]
	]
}
