{
	"R":[
		[0.9999195601296391,-0.008525691272096863,-0.009390732584934655],
		[-0.009603542764552756,-0.02527307164224861,-0.9996344550965293],
		[0.008285242091711472,0.9996442289325231,-0.02535291552037106]
	],
	"T":[0.5041695768741592,-0.08064794347182286,0.1796716811260915],
	"RT":[
		[0.9999195601296391,-0.008525691272096863,-0.009390732584934655,0.5041695768741592],
		[-0.009603542764552756,-0.02527307164224861,-0.9996344550965293,-0.08064794347182286],
		[0.008285242091711472,0.9996442289325231,-0.02535291552037106,0.1796716811260915],
		[0,0,0,1]
	]
}
