{
	"R":[
		[0.9999712396233243,-0.00633361147536165,-0.004171964989180996],
		[-0.004322099567337886,-0.02387876801063198,-0.9997055185871609],
		[0.006232124960380824,0.9996947983279565,-0.0239054557476868]
	],
	"T":[-0.09072532948854274,-0.0658868414617125,0.2617438496027699],
	"RT":[
		[0.9999712396233243,-0.00633361147536165,-0.004171964989180996,-0.09072532948854274],
		[-0.004322099567337886,-0.02387876801063198,-0.9997055185871609,-0.0658868414617125],
		[0.006232124960380824,0.9996947983279565,-0.0239054557476868,0.2617438496027699],
		[0,0,0,1]
	]
}
