{
	"R":[
		[0.9982059128513281,0.05924406547032222,-0.008665809552193069],
		[-0.00952364710639181,0.01421272552508726,-0.999853638578638],
		[-0.05911222965207472,0.9981423441271775,0.01475144622956242]
	],
	"T":[0.181318962485331,-0.405497085243273,-0.3723629218066997],
	"RT":[
		[0.9982059128513281,0.05924406547032222,-0.008665809552193069,0.181318962485331],
		[-0.00952364710639181,0.01421272552508726,-0.999853638578638,-0.405497085243273],
		[-0.05911222965207472,0.9981423441271775,0.01475144622956242,-0.3723629218066997],
		[0,0,0,1]
	]
}
