{
	"R":[
		[0.9963987209145878,0.08476176058771628,0.002243412990118566],
		[0.002651851763609526,-0.004706384656579387,-0.9999854087063913],
		[-0.08474996543950568,0.9963901313669937,-0.004914211276248926]
	],
	"T":[-0.2959325053049463,-0.3894909249279177,-0.2491082267713608],
	"RT":[
		[0.9963987209145878,0.08476176058771628,0.002243412990118566,-0.2959325053049463],
		[0.002651851763609526,-0.004706384656579387,-0.9999854087063913,-0.3894909249279177],
		[-0.08474996543950568,0.9963901313669937,-0.004914211276248926,-0.2491082267713608],
		[0,0,0,1]
	]
}
