{
	"image_size":[512,640],
	"intrinsic_matrix":[
		[1133.841903262466,0,332.8544482105868],
		[0,1128.348027718536,227.9662127170018],
		[0,0,1]
	],
	"radial_distortion":[-0.3219007115581792,0.1051943702661573,-2.588094376970698],
	"tangential_distortion":[0.007246636782888326,0.001660090736489557]
}
