{
	"image_size":[512,640],
	"intrinsic_matrix":[
		[1124.136885011808,0,359.8057637414809],
		[0,1051.334514910586,292.2620710859768],
		[0,0,1]
	],
	"radial_distortion":[-0.2270838123144378,0.8515630916112534,-11.24480436907352],
	"tangential_distortion":[0.001509240715637469,0.002335824434107339]
}
