{
	"image_size":[510,960],
	"intrinsic_matrix":[
		[977.3580820028495,0,474.1647648673673],
		[0,974.0244657408017,256.5038522715626],
		[0,0,1]
	],
	"radial_distortion":[-0.5905872310882027,0.4029078627924857,-0.2102204136543287],
	"tangential_distortion":[0.006337500714041633,0.00176794103390324]
}
