{
	"R":[
		[0.999457050660329,0.009598907857464777,-0.03151927748697257],
		[-0.00904440844552238,0.9998026456756106,0.01768808570535759],
		[0.03168284332611956,-0.01739340875140388,0.9993466199326333]
	],
	"T":[0.4823742789335547,-0.004453039116435556,-0.06188550138133905],
	"RT":[
		[0.999457050660329,0.009598907857464777,-0.03151927748697257,0.4823742789335547],
		[-0.00904440844552238,0.9998026456756106,0.01768808570535759,-0.004453039116435556],
		[0.03168284332611956,-0.01739340875140388,0.9993466199326333,-0.06188550138133905],
		[0,0,0,1]
	]
}
