{
	"image_size":[510,960],
	"intrinsic_matrix":[
		[959.563060645665,0,479.9085175563129],
		[0,959.8912485088322,276.5170260989287],
		[0,0,1]
	],
	"radial_distortion":[-0.5727973594975944,0.3905555202274735,-0.2102570035387255],
	"tangential_distortion":[-0.001020974512253574,0.0005655782932246875]
}
