{
	"image_size":[510,960],
	"intrinsic_matrix":[
		[989.0928938457274,0,489.7161935461669],
		[0,985.1837341234504,267.0687027040941],
		[0,0,1]
	],
	"radial_distortion":[-0.6095330731076024,0.4373045261302929,-0.241908288596506],
	"tangential_distortion":[0.006162839219492362,0.001026767258839963]
}
