{
	"R":[
		[0.9989818905435579,0.009422235483885077,-0.04411806709847066],
		[-0.009346317545210231,0.9999544659549489,0.001926749879268393],
		[0.04413421251549683,-0.00151244677241293,0.9990244660619666]
	],
	"T":[0.4853152278247658,-0.002877797925459911,-0.1022097925930182],
	"RT":[
		[0.9989818905435579,0.009422235483885077,-0.04411806709847066,0.4853152278247658],
		[-0.009346317545210231,0.9999544659549489,0.001926749879268393,-0.002877797925459911],
		[0.04413421251549683,-0.00151244677241293,0.9990244660619666,-0.1022097925930182],
		[0,0,0,1]
	]
}
