{
	"R":[
		[0.9829692170274394,0.1809771778576758,0.03191832500514166],
		[-0.1795138461793432,0.9827730659216801,-0.04395315607325847],
		[-0.03932298826846395,0.03747481812594049,0.9985235803926044]
	],
	"T":[-0.01458758843736215,0.817705247566511,3.019714850828116],
	"RT":[
		[0.9829692170274394,0.1809771778576758,0.03191832500514166,-0.01458758843736215],
		[-0.1795138461793432,0.9827730659216801,-0.04395315607325847,0.817705247566511],
		[-0.03932298826846395,0.03747481812594049,0.9985235803926044,3.019714850828116],
		[0,0,0,1]
	]
}
