{
	"R":[
		[0.9799754251184077,-0.1932047129102969,-0.04816746903508653],
		[0.1950925717845311,0.9800430711069,0.03813747775945884],
		[0.03983785383895363,-0.0467709063906763,0.998110929564896]
	],
	"T":[0.2147367187607245,0.6178649087609446,2.859365574328942],
	"RT":[
		[0.9799754251184077,-0.1932047129102969,-0.04816746903508653,0.2147367187607245],
		[0.1950925717845311,0.9800430711069,0.03813747775945884,0.6178649087609446],
		[0.03983785383895363,-0.0467709063906763,0.998110929564896,2.859365574328942],
		[0,0,0,1]
	]
}
