{
	"R":[
		[0.9994064337912134,0.01196299349664041,-0.03230583358045706],
		[-0.03200875547546612,-0.02424339090353787,-0.9991935235830995],
		[-0.01273654857646547,0.9996345055989702,-0.02384608031232256]
	],
	"T":[0.1607081659348468,-0.06227812225260329,-0.2227718100811223],
	"RT":[
		[0.9994064337912134,0.01196299349664041,-0.03230583358045706,0.1607081659348468],
		[-0.03200875547546612,-0.02424339090353787,-0.9991935235830995,-0.06227812225260329],
		[-0.01273654857646547,0.9996345055989702,-0.02384608031232256,-0.2227718100811223],
		[0,0,0,1]
	]
}
