{
	"R":[
		[0.9976288841274049,-0.02777115551961344,-0.06297120354427516],
		[-0.06444118713020135,-0.05566625062832128,-0.9963677041846726],
		[0.02416491166877007,0.9980631400177498,-0.05732386572754996]
	],
	"T":[0.2585886521705213,0.02361973138383285,0.1728325118220563],
	"RT":[
		[0.9976288841274049,-0.02777115551961344,-0.06297120354427516,0.2585886521705213],
		[-0.06444118713020135,-0.05566625062832128,-0.9963677041846726,0.02361973138383285],
		[0.02416491166877007,0.9980631400177498,-0.05732386572754996,0.1728325118220563],
		[0,0,0,1]
	]
}
