{
	"R":[
		[0.9993253921350987,0.01666597627713535,-0.03272622600852677],
		[-0.03265486695757603,-0.004536074572942103,-0.9994563940920344],
		[-0.0168053651556347,0.9998508235042859,-0.003988789263311418]
	],
	"T":[0.1664922645962239,-0.05726370493901362,-0.08891813820189219],
	"RT":[
		[0.9993253921350987,0.01666597627713535,-0.03272622600852677,0.1664922645962239],
		[-0.03265486695757603,-0.004536074572942103,-0.9994563940920344,-0.05726370493901362],
		[-0.0168053651556347,0.9998508235042859,-0.003988789263311418,-0.08891813820189219],
		[0,0,0,1]
	]
}
