{
	"R":[
		[0.9985581114814739,0.04660489478286989,-0.02663985316832618],
		[-0.02555444793864656,-0.02373241083811579,-0.9993916864104693],
		[-0.04720877233209269,0.9986314417532068,-0.0225072289899964]
	],
	"T":[-0.3078957678602657,-0.07116269482436968,-0.005456996679929707],
	"RT":[
		[0.9985581114814739,0.04660489478286989,-0.02663985316832618,-0.3078957678602657],
		[-0.02555444793864656,-0.02373241083811579,-0.9993916864104693,-0.07116269482436968],
		[-0.04720877233209269,0.9986314417532068,-0.0225072289899964,-0.005456996679929707],
		[0,0,0,1]
	]
}
