{
	"R":[
		[0.9982739751305555,0.05209785510855391,-0.02710874527025018],
		[-0.0256603916746209,-0.02827138066287934,-0.999270870852603],
		[-0.05282627070070576,0.9982417254996421,-0.02688573218926854]
	],
	"T":[-0.3111194000307675,-0.0740024333201651,-0.04587456723080464],
	"RT":[
		[0.9982739751305555,0.05209785510855391,-0.02710874527025018,-0.3111194000307675],
		[-0.0256603916746209,-0.02827138066287934,-0.999270870852603,-0.0740024333201651],
		[-0.05282627070070576,0.9982417254996421,-0.02688573218926854,-0.04587456723080464],
		[0,0,0,1]
	]
}
