{
	"R":[
		[0.9969808917090786,-0.005242694462069647,-0.07747009566115017],
		[-0.07746270771935516,0.001598177428513957,-0.9969939692604427],
		[0.005350745719629036,0.9999849798790401,0.001187239049011955]
	],
	"T":[0.2578355976109026,0.01558503169626494,0.2922752882903276],
	"RT":[
		[0.9969808917090786,-0.005242694462069647,-0.07747009566115017,0.2578355976109026],
		[-0.07746270771935516,0.001598177428513957,-0.9969939692604427,0.01558503169626494],
		[0.005350745719629036,0.9999849798790401,0.001187239049011955,0.2922752882903276],
		[0,0,0,1]
	]
}
