{
	"R":[
		[0.983187765618902,0.1806341838665764,0.02670410373270564],
		[-0.179526091817282,0.9829675746582824,-0.03930813563661979],
		[-0.03334966107959841,0.03385319466859701,0.9988702424822786]
	],
	"T":[-0.03021581519385244,0.8341434540465875,3.060477329253256],
	"RT":[
		[0.983187765618902,0.1806341838665764,0.02670410373270564,-0.03021581519385244],
		[-0.179526091817282,0.9829675746582824,-0.03930813563661979,0.8341434540465875],
		[-0.03334966107959841,0.03385319466859701,0.9988702424822786,3.060477329253256],
		[0,0,0,1]
	]
}
