{
	"R":[
		[0.9732433474632068,0.2295598827780629,-0.009982326258635434],
		[-0.2296138434626996,0.9732707993732809,-0.004629684393315362],
		[0.008652716850718133,0.006797889835592342,0.9999394577597608]
	],
	"T":[0.3817472095362996,0.5673319414421026,2.723406984855466],
	"RT":[
		[0.9732433474632068,0.2295598827780629,-0.009982326258635434,0.3817472095362996],
		[-0.2296138434626996,0.9732707993732809,-0.004629684393315362,0.5673319414421026],
		[0.008652716850718133,0.006797889835592342,0.9999394577597608,2.723406984855466],
		[0,0,0,1]
	]
}
