{
	"R":[
		[0.9831396313910409,-0.1812364251790524,-0.02428627959581116],
		[0.182737648826528,0.9785828185475512,0.09477667933032424],
		[0.0065891493867334,-0.09761672721336409,0.9952022697313904]
	],
	"T":[0.285943758013689,0.7627127382434499,2.914017846809934],
	"RT":[
		[0.9831396313910409,-0.1812364251790524,-0.02428627959581116,0.285943758013689],
		[0.182737648826528,0.9785828185475512,0.09477667933032424,0.7627127382434499],
		[0.0065891493867334,-0.09761672721336409,0.9952022697313904,2.914017846809934],
		[0,0,0,1]
	]
}
