{
	"R":[
		[0.973052171686164,0.2305293718506582,-0.005067533027116034],
		[-0.2304427200876977,0.9729887147838194,0.01375186030739663],
		[0.008100860165620361,-0.01221350144193415,0.9998925974558992]
	],
	"T":[0.4013226194991846,0.6385960263730855,2.870212208509888],
	"RT":[
		[0.973052171686164,0.2305293718506582,-0.005067533027116034,0.4013226194991846],
		[-0.2304427200876977,0.9729887147838194,0.01375186030739663,0.6385960263730855],
		[0.008100860165620361,-0.01221350144193415,0.9998925974558992,2.870212208509888],
		[0,0,0,1]
	]
}
