{
	"image_size":[510,960],
	"intrinsic_matrix":[
		[982.0762966382765,0,484.1223881724798],
		[0,980.4081479860943,271.8512393453428],
		[0,0,1]
	],
	"radial_distortion":[-0.612938011047295,0.4931854550722484,-0.3322868753368754],
	"tangential_distortion":[0.003767720113510564,0.003226812460649783]
}
