{
	"R":[
		[0.9999719509646331,0.007369803628488396,0.001335394497140366],
		[-0.007366230462481183,0.9999693278962545,-0.002661186856850562],
		[-0.0013549659623355,0.002651275389502037,0.9999955673932011]
	],
	"T":[0.5372657697637938,-0.004761572713268147,-0.04380821177118201],
	"RT":[
		[0.9999719509646331,0.007369803628488396,0.001335394497140366,0.5372657697637938],
		[-0.007366230462481183,0.9999693278962545,-0.002661186856850562,-0.004761572713268147],
		[-0.0013549659623355,0.002651275389502037,0.9999955673932011,-0.04380821177118201],
		[0,0,0,1]
	]
}
