{
	"image_size":[510,960],
	"intrinsic_matrix":[
		[975.0872218717209,0,482.1994082216316],
		[0,973.5966689125717,273.207159628412],
		[0,0,1]
	],
	"radial_distortion":[-0.5843765568905303,0.3757975273867215,-0.05721976800685408],
	"tangential_distortion":[-0.0003419857352561347,-0.001430907730927626]
}
