{
	"R":[
		[0.9999921451393635,-0.003349906821886645,-0.002118439014711447],
		[0.003326551745275716,0.9999346917232113,-0.01093372497791872],
		[0.002154927623002032,0.01092659199803112,0.9999379810139468]
	],
	"T":[-0.2108125876045562,0.0409493590079243,-0.1218986530967316],
	"RT":[
		[0.9999921451393635,-0.003349906821886645,-0.002118439014711447,-0.2108125876045562],
		[0.003326551745275716,0.9999346917232113,-0.01093372497791872,0.0409493590079243],
		[0.002154927623002032,0.01092659199803112,0.9999379810139468,-0.1218986530967316],
		[0,0,0,1]
	]
}
