{
	"R":[
		[0.9984580904564713,0.05365942059436904,-0.01421647577614805],
		[-0.01453614998115683,0.005571873991689786,-0.9998788199396694],
		[-0.05357370573091351,0.9985437500689178,0.00634328405166838]
	],
	"T":[0.08882893311342632,-0.4282310508264193,-0.1702860370971173],
	"RT":[
		[0.9984580904564713,0.05365942059436904,-0.01421647577614805,0.08882893311342632],
		[-0.01453614998115683,0.005571873991689786,-0.9998788199396694,-0.4282310508264193],
		[-0.05357370573091351,0.9985437500689178,0.00634328405166838,-0.1702860370971173],
		[0,0,0,1]
	]
}
