{
	"R":[
		[0.9994906841779211,0.03020535423987614,-0.01029605831348613],
		[-0.01027066614320934,-0.0009956849541831372,-0.9999467595969531],
		[-0.03021399772499236,0.9995432182685827,-0.0006849487269470237]
	],
	"T":[0.01420953555974042,-0.4232440992037273,-0.2134373192437078],
	"RT":[
		[0.9994906841779211,0.03020535423987614,-0.01029605831348613,0.01420953555974042],
		[-0.01027066614320934,-0.0009956849541831372,-0.9999467595969531,-0.4232440992037273],
		[-0.03021399772499236,0.9995432182685827,-0.0006849487269470237,-0.2134373192437078],
		[0,0,0,1]
	]
}
