{
	"R":[
		[0.9963311377879717,0.05618447984311344,0.06455670452311381],
		[-0.05534773043841093,0.9983592320057676,-0.01467898512060904],
		[-0.06527551309214533,0.01105206286685167,0.9978060729906109]
	],
	"T":[-0.4332938053974411,0.2059753088383368,1.047082183995131],
	"RT":[
		[0.9963311377879717,0.05618447984311344,0.06455670452311381,-0.4332938053974411],
		[-0.05534773043841093,0.9983592320057676,-0.01467898512060904,0.2059753088383368],
		[-0.06527551309214533,0.01105206286685167,0.9978060729906109,1.047082183995131],
		[0,0,0,1]
	]
}
