{
	"R":[
		[0.9965335096449409,0.04881077887846942,0.06736818254943097],
		[-0.04792885250445184,0.9987433574502316,-0.01464687839253001],
		[-0.06799845036721645,0.01136722544494593,0.9976206678559446]
	],
	"T":[-1.095167507577014,0.2253146459238213,1.037694688965099],
	"RT":[
		[0.9965335096449409,0.04881077887846942,0.06736818254943097,-1.095167507577014],
		[-0.04792885250445184,0.9987433574502316,-0.01464687839253001,0.2253146459238213],
		[-0.06799845036721645,0.01136722544494593,0.9976206678559446,1.037694688965099],
		[0,0,0,1]
	]
}
