{
	"R":[
		[0.998553144212646,0.05318629692264257,-0.00792691634213584],
		[-0.008331299063886664,0.007385734299792657,-0.9999380182715131],
		[-0.0531244542461078,0.9985572936734824,0.007818159153140353]
	],
	"T":[-0.4656833063419586,-0.4186150244087302,-0.1243720324403691],
	"RT":[
		[0.998553144212646,0.05318629692264257,-0.00792691634213584,-0.4656833063419586],
		[-0.008331299063886664,0.007385734299792657,-0.9999380182715131,-0.4186150244087302],
		[-0.0531244542461078,0.9985572936734824,0.007818159153140353,-0.1243720324403691],
		[0,0,0,1]
	]
}
